{"CYS64-ILE102": {"CYS64-ILE102": {"CYS64-ILE102": {"CYS64-ILE102": {"CYS64-ILE102": {"CYS64-ILE102": 0.9643270969390869, "ASN6-CYS36": 0.9717502593994141, "LYS27-CYS79": 0.9801574349403381, "LEU78-CYS87": 0.9949390888214111, "ILE17-GLN88": 0.6001828908920288, "GLN41-PHE65": 0.9976406097412109, "CYS1-CYS43": 0.9976479411125183, "SER52-SER55": 0.8477883338928223, "THR9-CYS36": 0.9954954385757446, "CYS37-VAL69": 0.9505953788757324, "CYS75-CYS91": 0.8946791291236877, "LYS83-GLU86": 0.7824885845184326, "CYS20-VAL26": 0.9767823815345764, "THR44-GLU49": 0.631607174873352, "CYS23-CYS79": 0.7946176528930664, "LEU30-ILE72": 0.5095884799957275, "CYS79-CYS87": 0.9877789616584778, "LEU3-CYS43": 0.9618958234786987, "ASN13-MET33": 0.9752117991447449, "LEU3-CYS40": 0.55572509765625, "CYS75-CYS87": 0.7897340059280396, "LEU30-LEU76": 0.9614302515983582, "LYS51-SER55": 0.9862089157104492, "GLN71-LEU94": 0.7661606073379517, "CYS20-GLN25": 0.9962500929832458, "VAL16-CYS29": 0.9953187108039856, "ASN6-CYS40": 0.9955939650535583, "ASN13-CYS29": 0.97335284948349, "ILE17-VAL26": 0.5285670161247253, "CYS37-PHE65": 0.6868101358413696, "LEU78-GLU86": 0.8655580878257751, "ASP2-ASP5": 0.7313629984855652, "ASN99-GLN103": 0.6552547216415405, "ILE17-CYS29": 0.9780691862106323, "VAL26-CYS79": 0.9597668647766113, "CYS75-CYS90": 0.9959428906440735, "LEU68-THR97": 0.9153048396110535, "LEU10-CYS36": 0.9284585118293762, "CYS64-TYR101": 0.9992617964744568, "CYS23-VAL84": 0.9014754891395569, "ARG34-ILE72": 0.9674464464187622, "LEU10-MET33": 0.5053440928459167}
