{"ILE17-CYS29": 0.97806919, "CYS64-ILE102": 0.9643271, "SER52-SER55": 0.84778833, "VAL16-CYS29": 0.99531871, "ASN6-CYS36": 0.97175026, "LYS27-CYS79": 0.98015743, "LEU78-CYS87": 0.99493909, "ARG34-ILE72": 0.96744645, "ASN13-CYS29": 0.97335285, "ASP2-ASP5": 0.731363, "ILE17-VAL26": 0.52856702, "GLN41-PHE65": 0.99764061, "CYS37-PHE65": 0.68681014, "CYS1-CYS43": 0.99764794, "CYS79-CYS87": 0.98777896, "THR9-CYS36": 0.99549544, "CYS37-VAL69": 0.95059538, "ASN99-GLN103": 0.65525472, "LYS83-GLU86": 0.78248858, "CYS20-VAL26": 0.97678238, "THR44-GLU49": 0.63160717, "ILE17-GLN88": 0.60018289, "LEU30-ILE72": 0.50958848, "LEU10-MET33": 0.50534409, "ASN6-CYS40": 0.99559397, "CYS20-GLN25": 0.99625009, "LEU3-CYS43": 0.96189582, "GLN71-LEU94": 0.76616061, "CYS75-CYS91": 0.89467913, "LEU3-CYS40": 0.5557251, "CYS75-CYS90": 0.99594289, "VAL26-CYS79": 0.95976686, "LEU68-THR97": 0.91530484, "CYS75-CYS87": 0.78973401, "LEU10-CYS36": 0.92845851, "LEU78-GLU86": 0.86555809, "CYS64-TYR101": 0.9992618, "LEU30-LEU76": 0.96143025, "CYS23-VAL84": 0.90147549, "LYS51-SER55": 0.98620892, "CYS23-CYS79": 0.79461765, "ASN13-MET33": 0.9752118}
{"ILE17-CYS29": 0.97806919, "CYS64-ILE102": 0.9643271, "SER52-SER55": 0.84778833, "VAL16-CYS29": 0.99531871, "ASN6-CYS36": 0.97175026, "LYS27-CYS79": 0.98015743, "LEU78-CYS87": 0.99493909, "ARG34-ILE72": 0.96744645, "ASN13-CYS29": 0.97335285, "ASP2-ASP5": 0.731363, "ILE17-VAL26": 0.52856702, "GLN41-PHE65": 0.99764061, "CYS37-PHE65": 0.68681014, "CYS1-CYS43": 0.99764794, "CYS79-CYS87": 0.98777896, "THR9-CYS36": 0.99549544, "CYS37-VAL69": 0.95059538, "ASN99-GLN103": 0.65525472, "LYS83-GLU86": 0.78248858, "CYS20-VAL26": 0.97678238, "THR44-GLU49": 0.63160717, "ILE17-GLN88": 0.60018289, "LEU30-ILE72": 0.50958848, "LEU10-MET33": 0.50534409, "ASN6-CYS40": 0.99559397, "CYS20-GLN25": 0.99625009, "LEU3-CYS43": 0.96189582, "GLN71-LEU94": 0.76616061, "CYS75-CYS91": 0.89467913, "LEU3-CYS40": 0.5557251, "CYS75-CYS90": 0.99594289, "VAL26-CYS79": 0.95976686, "LEU68-THR97": 0.91530484, "CYS75-CYS87": 0.78973401, "LEU10-CYS36": 0.92845851, "LEU78-GLU86": 0.86555809, "CYS64-TYR101": 0.9992618, "LEU30-LEU76": 0.96143025, "CYS23-VAL84": 0.90147549, "LYS51-SER55": 0.98620892, "CYS23-CYS79": 0.79461765, "ASN13-MET33": 0.9752118}
{"ILE17-CYS29": 0.97806919, "CYS64-ILE102": 0.9643271, "SER52-SER55": 0.84778833, "VAL16-CYS29": 0.99531871, "ASN6-CYS36": 0.97175026, "LYS27-CYS79": 0.98015743, "LEU78-CYS87": 0.99493909, "ARG34-ILE72": 0.96744645, "ASN13-CYS29": 0.97335285, "ASP2-ASP5": 0.731363, "ILE17-VAL26": 0.52856702, "GLN41-PHE65": 0.99764061, "CYS37-PHE65": 0.68681014, "CYS1-CYS43": 0.99764794, "CYS79-CYS87": 0.98777896, "THR9-CYS36": 0.99549544, "CYS37-VAL69": 0.95059538, "ASN99-GLN103": 0.65525472, "LYS83-GLU86": 0.78248858, "CYS20-VAL26": 0.97678238, "THR44-GLU49": 0.63160717, "ILE17-GLN88": 0.60018289, "LEU30-ILE72": 0.50958848, "LEU10-MET33": 0.50534409, "ASN6-CYS40": 0.99559397, "CYS20-GLN25": 0.99625009, "LEU3-CYS43": 0.96189582, "GLN71-LEU94": 0.76616061, "CYS75-CYS91": 0.89467913, "LEU3-CYS40": 0.5557251, "CYS75-CYS90": 0.99594289, "VAL26-CYS79": 0.95976686, "LEU68-THR97": 0.91530484, "CYS75-CYS87": 0.78973401, "LEU10-CYS36": 0.92845851, "LEU78-GLU86": 0.86555809, "CYS64-TYR101": 0.9992618, "LEU30-LEU76": 0.96143025, "CYS23-VAL84": 0.90147549, "LYS51-SER55": 0.98620892, "CYS23-CYS79": 0.79461765, "ASN13-MET33": 0.9752118}
{"ILE17-CYS29": 0.97806919, "CYS64-ILE102": 0.9643271, "SER52-SER55": 0.84778833, "VAL16-CYS29": 0.99531871, "ASN6-CYS36": 0.97175026, "LYS27-CYS79": 0.98015743, "LEU78-CYS87": 0.99493909, "ARG34-ILE72": 0.96744645, "ASN13-CYS29": 0.97335285, "ASP2-ASP5": 0.731363, "ILE17-VAL26": 0.52856702, "GLN41-PHE65": 0.99764061, "CYS37-PHE65": 0.68681014, "CYS1-CYS43": 0.99764794, "CYS79-CYS87": 0.98777896, "THR9-CYS36": 0.99549544, "CYS37-VAL69": 0.95059538, "ASN99-GLN103": 0.65525472, "LYS83-GLU86": 0.78248858, "CYS20-VAL26": 0.97678238, "THR44-GLU49": 0.63160717, "ILE17-GLN88": 0.60018289, "LEU30-ILE72": 0.50958848, "LEU10-MET33": 0.50534409, "ASN6-CYS40": 0.99559397, "CYS20-GLN25": 0.99625009, "LEU3-CYS43": 0.96189582, "GLN71-LEU94": 0.76616061, "CYS75-CYS91": 0.89467913, "LEU3-CYS40": 0.5557251, "CYS75-CYS90": 0.99594289, "VAL26-CYS79": 0.95976686, "LEU68-THR97": 0.91530484, "CYS75-CYS87": 0.78973401, "LEU10-CYS36": 0.92845851, "LEU78-GLU86": 0.86555809, "CYS64-TYR101": 0.9992618, "LEU30-LEU76": 0.96143025, "CYS23-VAL84": 0.90147549, "LYS51-SER55": 0.98620892, "CYS23-CYS79": 0.79461765, "ASN13-MET33": 0.9752118}
{"ILE17-CYS29": 0.97806919, "CYS64-ILE102": 0.9643271, "SER52-SER55": 0.84778833, "VAL16-CYS29": 0.99531871, "ASN6-CYS36": 0.97175026, "LYS27-CYS79": 0.98015743, "LEU78-CYS87": 0.99493909, "ARG34-ILE72": 0.96744645, "ASN13-CYS29": 0.97335285, "ASP2-ASP5": 0.731363, "ILE17-VAL26": 0.52856702, "GLN41-PHE65": 0.99764061, "CYS37-PHE65": 0.68681014, "CYS1-CYS43": 0.99764794, "CYS79-CYS87": 0.98777896, "THR9-CYS36": 0.99549544, "CYS37-VAL69": 0.95059538, "ASN99-GLN103": 0.65525472, "LYS83-GLU86": 0.78248858, "CYS20-VAL26": 0.97678238, "THR44-GLU49": 0.63160717, "ILE17-GLN88": 0.60018289, "LEU30-ILE72": 0.50958848, "LEU10-MET33": 0.50534409, "ASN6-CYS40": 0.99559397, "CYS20-GLN25": 0.99625009, "LEU3-CYS43": 0.96189582, "GLN71-LEU94": 0.76616061, "CYS75-CYS91": 0.89467913, "LEU3-CYS40": 0.5557251, "CYS75-CYS90": 0.99594289, "VAL26-CYS79": 0.95976686, "LEU68-THR97": 0.91530484, "CYS75-CYS87": 0.78973401, "LEU10-CYS36": 0.92845851, "LEU78-GLU86": 0.86555809, "CYS64-TYR101": 0.9992618, "LEU30-LEU76": 0.96143025, "CYS23-VAL84": 0.90147549, "LYS51-SER55": 0.98620892, "CYS23-CYS79": 0.79461765, "ASN13-MET33": 0.9752118}
{"ILE17-CYS29": 0.97806919, "CYS64-ILE102": 0.9643271, "SER52-SER55": 0.84778833, "VAL16-CYS29": 0.99531871, "ASN6-CYS36": 0.97175026, "LYS27-CYS79": 0.98015743, "LEU78-CYS87": 0.99493909, "ARG34-ILE72": 0.96744645, "ASN13-CYS29": 0.97335285, "ASP2-ASP5": 0.731363, "ILE17-VAL26": 0.52856702, "GLN41-PHE65": 0.99764061, "CYS37-PHE65": 0.68681014, "CYS1-CYS43": 0.99764794, "CYS79-CYS87": 0.98777896, "THR9-CYS36": 0.99549544, "CYS37-VAL69": 0.95059538, "ASN99-GLN103": 0.65525472, "LYS83-GLU86": 0.78248858, "CYS20-VAL26": 0.97678238, "THR44-GLU49": 0.63160717, "ILE17-GLN88": 0.60018289, "LEU30-ILE72": 0.50958848, "LEU10-MET33": 0.50534409, "ASN6-CYS40": 0.99559397, "CYS20-GLN25": 0.99625009, "LEU3-CYS43": 0.96189582, "GLN71-LEU94": 0.76616061, "CYS75-CYS91": 0.89467913, "LEU3-CYS40": 0.5557251, "CYS75-CYS90": 0.99594289, "VAL26-CYS79": 0.95976686, "LEU68-THR97": 0.91530484, "CYS75-CYS87": 0.78973401, "LEU10-CYS36": 0.92845851, "LEU78-GLU86": 0.86555809, "CYS64-TYR101": 0.9992618, "LEU30-LEU76": 0.96143025, "CYS23-VAL84": 0.90147549, "LYS51-SER55": 0.98620892, "CYS23-CYS79": 0.79461765, "ASN13-MET33": 0.9752118}
